,AB,"AB10, AB11, AB12, AB15, AB16,
AB21, AB22, AB23, AB24, AB25,
AB99"
,AB,AB13
,AB,AB14
,AB,AB30
,AB,AB31
,AB,AB32
,AB,AB33
,AB,AB34
,AB,AB35
,AB,AB36
,AB,AB37
,AB,AB38
,AB,AB39
,AB,AB41
,AB,AB42
,AB,AB43
,AB,AB44
,AB,AB45
,AB,AB51
,AB,AB52
,AB,AB53
,AB,AB54
,AB,AB55
,AB,AB56
,AL,"AL1, AL2, AL3, AL4"
,AL,AL5
,AL,"AL6, AL7"
,AL,"AL7, AL8"
,AL,"AL9,
AL10"
,B,"B1, B2, B3, B4, B5, B6, B7, B8, B9,
B10, B11, B12, B13, B14, B15, B16, B17, B18, B19,
B20, B21, B23, B24, B25, B26, B27, B28, B29,
B30, B31, B32, B33, B34, B35, B36, B37, B38,
B40, B42, B43, B44, B45, B46, B47, B48,
B99"
,B,"B49,
B50"
,B,"B60, B61"
,B,"B62, B63"
,B,B64
,B,B65
,B,"B66, B67"
,B,"B68, B69"
,B,"B70, B71"
,B,"B72, B73, B74, B75, B76"
,B,"B77, B78, B79"
,B,B80
,B,"B90, B91, B92, B93, B94"
,B,B95
,B,"B96, B97, B98"
,BA,"BA1, BA2"
,BA,BA3
,BA,BA4
,BA,BA5
,BA,BA6
,BA,BA7
,BA,BA8
,BA,BA9
,BA,"BA9, 
BA10"
,BA,BA11
,BA,BA12
,BA,BA13
,BA,BA14
,BA,BA15
,BA,BA16
,BA,"BA20, BA21, BA22"
,BB,"BB1, BB2, BB6"
,BB,BB3
,BB,BB4
,BB,BB5
,BB,BB7
,BB,BB8
,BB,BB9
,BB,"BB10, BB11, BB12"
,BB,"BB18,
BB94"
,BD,"BD1, BD2, BD3, BD4, BD5, BD6, BD7, BD8, BD9,
BD10, BD11, BD12, BD13, BD14, BD15,
BD98,  BD99"
,BD,"BD16,
BD97"
,BD,"BD17, BD18,
BD98 "
,BD,BD19
,BD,"BD20, BD21, BD22"
,BD,"BD23, BD24"
,BD,BD24
,BF,BF1
,BH,"BH1, BH2, BH3, BH4, BH5, BH6, BH7, BH8, BH9,
BH10, BH11"
,BH,"BH12, BH13, BH14, BH15, BH16, BH17"
,BH,BH18
,BH,BH19
,BH,BH20
,BH,BH21
,BH,BH22
,BH,BH23
,BH,BH24
,BH,BH25
,BH,BH31
,BL,"BL0, BL8, BL9"
,BL,"BL1, BL2, BL3, BL4, BL5, BL6, BL7,
BL11,
BL78"
,BN,"BN1, BN2,
BN41, BN42, BN45,
BN50, BN51,
BN88"
,BN,"BN3,
BN52"
,BN,BN5
,BN,BN6
,BN,"BN7, BN8"
,BN,BN9
,BN,BN10
,BN,"BN11, BN12, BN13, BN14,
BN91,[3] BN99 "
,BN,"BN15,
BN99 "
,BN,"BN16, BN17"
,BN,BN18
,BN,"BN20, BN21, BN22, BN23"
,BN,BN24
,BN,BN25
,BN,BN26
,BN,BN27
,BN,BN43
,BN,BN44
,BR,"BR1, BR2"
,BR,BR2
,BR,BR3
,BR,BR4
,BR,"BR5, BR6"
,BR,BR7
,BR,BR8
,BS,"BS0,[3][4] BS1, BS2, BS3, BS4, BS5, BS6, BS7, BS8, BS9,
BS10, BS11, BS13, BS14, BS15, BS16,
BS20,
BS30, BS31, BS32, BS34, BS35, BS36, BS37, BS39,
BS40, BS41, BS48, BS49,
BS80,
BS98, BS99"
,BS,BS21
,BS,"BS22, BS23, BS24"
,BS,BS25
,BS,BS26
,BS,BS27
,BS,BS28
,BS,BS29
,BT,"BT1, BT2, BT3, BT4, BT5, BT6, BT7, BT8, BT9,
BT10, BT11, BT12, BT13, BT14, BT15, BT16, BT17,
BT29"
,BT,BT18
,BT,"BT19,
BT20"
,BT,BT21
,BT,"BT22, BT23"
,BT,BT24
,BT,BT25
,BT,BT26
,BT,"BT27, BT28"
,BT,BT29
,BT,BT30
,BT,BT31
,BT,BT32
,BT,BT33
,BT,"BT34, BT35"
,BT,"BT36, BT37,
BT58"
,BT,BT38
,BT,BT39
,BT,BT40
,BT,BT41
,BT,"BT42, BT43, BT44"
,BT,BT45
,BT,BT46
,BT,"BT47, BT48"
,BT,BT49
,BT,"BT51, BT52"
,BT,BT53
,BT,BT54
,BT,BT55
,BT,BT56
,BT,BT57
,BT,"BT60, BT61"
,BT,"BT62, BT63, BT64, BT65, BT66, BT67"
,BT,BT68
,BT,BT69
,BT,"BT70, BT71"
,BT,"BT74,
BT92, BT93, BT94"
,BT,BT75
,BT,BT76
,BT,BT77
,BT,"BT78, BT79"
,BT,BT80
,BT,BT81
,BT,BT82
,BX,varies
,CA,"CA1, CA2, CA3, CA4, CA5, CA6,
CA99"
,CA,CA7
,CA,CA8
,CA,CA9
,CA,"CA10, CA11"
,CA,CA12
,CA,CA13
,CA,"CA14,
CA95"
,CA,CA15
,CA,CA16
,CA,CA17
,CA,CA18
,CA,CA19
,CA,CA20
,CA,CA21
,CA,CA22
,CA,CA23
,CA,CA24
,CA,CA25
,CA,CA26
,CA,CA27
,CA,CA28
,CB,"CB1, CB2, CB3, CB4, CB5,
CB21, CB22, CB23, CB24, CB25"
,CB,"CB6, CB7"
,CB,CB8
,CB,CB9
,CB,"CB10, CB11"
,CF,"CF3, CF5,
CF10, CF11, CF14, CF15,
CF23, CF24,
CF30,
CF91, CF95, CF99"
,CF,"CF31, CF32, CF33, CF35"
,CF,CF34
,CF,CF36
,CF,"CF37, CF38"
,CF,CF39
,CF,CF40
,CF,CF41
,CF,CF42
,CF,CF43
,CF,CF44
,CF,CF45
,CF,CF46
,CF,"CF47, CF48"
,CF,"CF61,
CF71"
,CF,"CF62, CF63"
,CF,CF64
,CF,CF64
,CF,CF71
,CF,CF72
,CF,CF81
,CF,CF82
,CF,CF83
,CH,"CH1, CH2, CH3, CH4,
CH70,
CH88,
CH99"
,CH,CH5
,CH,CH6
,CH,CH6
,CH,CH7
,CH,CH7
,CH,CH8
,CH,"CH25,
CH41, CH42"
,CH,"CH26,
CH43"
,CH,"CH27,
CH44, CH45"
,CH,"CH28, CH29,
CH30, CH31, CH32,
CH46, CH47, CH48, CH49,
CH60, CH61, CH62, CH63"
,CH,"CH33,
CH64"
,CH,"CH34,
CH65, CH66"
,CM,CM0
,CM,CM0
,CM,"CM1, CM2, CM3,
CM92, CM98, CM99"
,CM,CM4
,CM,CM5
,CM,"CM6, CM7 "
,CM,"CM7,
CM77"
,CM,CM8
,CM,CM9
,CM,"CM11, CM12"
,CM,"CM13, CM14, CM15"
,CM,CM16
,CM,"CM17, CM18, CM19,
CM20"
,CM,CM21
,CM,"CM22, CM23"
,CM,CM24
,CO,"CO1, CO2, CO3, CO4, CO5, CO6, CO7"
,CO,CO8
,CO,CO9
,CO,CO10
,CO,CO11
,CO,CO12
,CO,CO13
,CO,CO14
,CO,"CO15, CO16"
,CR,"CR0, CR9,
CR44,
CR90"
,CR,CR2
,CR,CR3
,CR,CR3
,CR,CR4
,CR,CR5
,CR,CR6
,CR,CR7
,CR,CR8
,CR,CR8
,CT,"CT1, CT2, CT3, CT4"
,CT,CT5
,CT,CT6
,CT,"CT7, CT9 "
,CT,CT8
,CT,CT9
,CT,CT10
,CT,"CT11, CT12"
,CT,CT13
,CT,CT14
,CT,"CT15, CT16, CT17"
,CT,"CT18, CT19,
CT20,
CT50"
,CT,CT21
,CV,"CV1, CV2, CV3, CV4, CV5, CV6, CV7, CV8"
,CV,CV8
,CV,CV9
,CV,"CV10, CV11, CV13"
,CV,CV12
,CV,"CV21, CV22, CV23"
,CV,"CV31, CV32, CV33"
,CV,"CV34, CV35"
,CV,"CV36, CV37"
,CV,CV37
,CV,CV47
,CW,"CW1, CW2, CW3, CW4,
CW98"
,CW,CW5
,CW,CW6
,CW,CW7
,CW,"CW8, CW9"
,CW,CW10
,CW,CW11
,CW,CW12
,DA,"DA1, DA2, DA4,
DA10"
,DA,DA3
,DA,DA5
,DA,"DA6, DA7"
,DA,"DA7, 
DA16"
,DA,"DA8,
DA18"
,DA,DA9
,DA,DA10
,DA,"DA11, DA12, DA13"
,DA,"DA14, DA15"
,DA,DA17
,DD,"DD1, DD2, DD3, DD4, DD5"
,DD,DD6
,DD,DD6
,DD,DD7
,DD,DD8
,DD,DD8
,DD,DD9
,DD,DD10
,DD,DD11
,DE,"DE1, DE3,
DE21, DE22, DE23, DE24,
DE65,
DE72, DE73, DE74,
DE99"
,DE,DE4
,DE,DE5
,DE,DE6
,DE,DE7
,DE,"DE11, DE12"
,DE,"DE13, DE14, DE15"
,DE,DE45
,DE,DE55
,DE,DE56
,DE,DE75
,DG,"DG1, DG2"
,DG,DG3
,DG,DG4
,DG,DG5
,DG,DG6
,DG,DG7
,DG,DG8
,DG,DG9
,DG,DG10
,DG,DG11
,DG,DG12
,DG,DG13
,DG,DG14
,DG,DG16
,DH,"DH1, DH6, DH7, DH8,
DH97, DH98, DH99"
,DH,"DH2, DH3"
,DH,"DH4, DH5"
,DH,DH8
,DH,"DH8, DH9"
,DL,"DL1, DL2, DL3,
DL98[7][8]"
,DL,DL4
,DL,DL5
,DL,"DL6, DL7"
,DL,DL8
,DL,DL8
,DL,DL8
,DL,DL9
,DL,"DL10, DL11"
,DL,DL12
,DL,"DL13, DL14"
,DL,DL15
,DL,DL16
,DL,"DL16,  DL17"
,DN,"DN1, DN2, DN3, DN4, DN5, DN6, DN7, DN8, DN9,
DN10, DN11, DN12,
DN55"
,DN,DN14
,DN,"DN15, DN16, DN17"
,DN,DN18
,DN,DN19
,DN,DN20
,DN,DN21
,DN,DN22
,DN,"DN31, DN32, DN33, DN34, DN36, DN37,
DN41"
,DN,DN35
,DN,DN38
,DN,DN39
,DN,DN40
,DT,"DT1, DT2"
,DT,"DT3, DT4"
,DT,DT5
,DT,DT6
,DT,DT7
,DT,DT8
,DT,DT9
,DT,DT10
,DT,DT11
,DY,"DY1, DY2, DY3"
,DY,DY4
,DY,DY5
,DY,DY6
,DY,"DY7, DY8, DY9"
,DY,"DY10, DY11, DY14"
,DY,DY12
,DY,DY13
,E,"E1, E1W,
E2, E3, E4, E5, E6, E7, E8, E9,
E10, E11, E12, E13, E14, E15, E16, E17, E18,
E20
E77,
E98"
,EC,"EC1A, EC1M, EC1N, EC1P, EC1R, EC1V, EC1Y,
EC2A, EC2M, EC2N, EC2P, EC2R, EC2V, EC2Y,
EC3A, EC3M, EC3N, EC3P, EC3R, EC3V,
EC4A, EC4M, EC4N, EC4P, EC4R, EC4V, EC4Y,
EC50"
,EH,"EH1, EH2, EH3, EH4, EH5, EH6, EH7, EH8, EH9,
EH10, EH11, EH12, EH13, EH14, EH15, EH16, EH17,
EH91, EH95, EH99"
,EH,EH14
,EH,EH14
,EH,EH14
,EH,EH18
,EH,EH19
,EH,EH20
,EH,EH21
,EH,EH22
,EH,EH23
,EH,EH24
,EH,EH25
,EH,EH26
,EH,EH27
,EH,EH28
,EH,EH29
,EH,EH30
,EH,EH31
,EH,EH32
,EH,EH32
,EH,"EH33, EH34, EH35"
,EH,EH36
,EH,EH37
,EH,EH38
,EH,EH39
,EH,EH40
,EH,EH41
,EH,EH42
,EH,EH43
,EH,EH44
,EH,EH45
,EH,EH46
,EH,"EH47, EH48"
,EH,EH49
,EH,EH51
,EH,EH52
,EH,"EH53, EH54"
,EH,EH55
,EN,"EN1, EN2, EN3"
,EN,"EN4, EN5"
,EN,EN6
,EN,"EN7, EN8,
EN77[3]"
,EN,EN9
,EN,"EN10, EN11 "
,EN,EN11
,EX,"EX1, EX2, EX3, EX4, EX5, EX6"
,EX,EX7
,EX,EX8
,EX,EX9
,EX,EX10
,EX,EX11
,EX,EX12
,EX,EX13
,EX,EX14
,EX,EX15
,EX,EX16
,EX,EX17
,EX,EX18
,EX,EX19
,EX,EX20
,EX,EX20
,EX,EX21
,EX,EX22
,EX,EX23
,EX,EX24
,EX,"EX31, EX32"
,EX,EX33
,EX,EX34
,EX,EX34
,EX,EX35
,EX,EX35
,EX,EX36
,EX,EX37
,EX,EX38
,EX,EX39
,FK,"FK1, FK2"
,FK,FK3
,FK,FK4
,FK,FK5
,FK,FK6
,FK,"FK7, FK8, FK9"
,FK,FK10
,FK,FK10
,FK,FK11
,FK,FK12
,FK,FK13
,FK,FK14
,FK,FK15
,FK,FK16
,FK,"FK17, FK18"
,FK,FK19
,FK,FK20
,FK,FK21
,FY,"FY0, FY1, FY2, FY3, FY4"
,FY,FY5
,FY,FY6
,FY,FY7
,FY,FY8
,G,"G1, G2, G3, G4, G5, G9,
G11, G12, G13, G14, G15,
G20, G21, G22, G23,
G31, G32, G33, G34,
G40, G41, G42, G43, G44, G45, G46,
G51, G52, G53, G58,
G60, G61, G62, G63, G64, G65, G66, G67, G68, G69,
G70, G71, G72, G73, G74, G75, G76, G77, G78, G79,
G90"
,G,G81
,G,G82
,G,G83
,G,G83
,G,G84
,GL,"GL1, GL2, GL3, GL4,
GL19"
,GL,"GL5, GL6"
,GL,GL7
,GL,GL7
,GL,GL7
,GL,GL8
,GL,GL9
,GL,GL10
,GL,GL11
,GL,"GL11,  GL12"
,GL,GL13
,GL,GL14
,GL,GL14
,GL,GL14
,GL,GL15
,GL,GL15
,GL,GL16
,GL,GL17
,GL,GL17
,GL,GL17
,GL,GL17
,GL,GL17
,GL,GL18
,GL,GL18
,GL,GL20
,GL,"GL50, GL51, GL52, GL53, GL54"
,GL,GL55
,GL,GL56
,GU,"GU1, GU2, GU3, GU4, GU5"
,GU,GU6
,GU,"GU7, GU8"
,GU,"GU9,
GU10"
,GU,"GU11, GU12"
,GU,GU14
,GU,"GU15, GU16, GU17,
GU95"
,GU,GU18
,GU,GU19
,GU,GU20
,GU,"GU21, GU22, GU23, GU24"
,GU,GU25
,GU,"GU26, GU27 "
,GU,GU27
,GU,GU28
,GU,GU29
,GU,GU30
,GU,"GU31, GU32"
,GU,GU33
,GU,GU34
,GU,GU35
,GU,GU46
,GU,GU47
,GU,"GU51, GU52"
,GY,"GY1, GY2, GY3, GY4, GY5, GY6, GY7, GY8, GY9,
GY10"
,HA,"HA0, HA9"
,HA,"HA1, HA2, HA3"
,HA,HA4
,HA,HA5
,HA,HA6
,HA,HA7
,HA,HA8
,HD,"HD1, HD2, HD3, HD4, HD5, HD7, HD8"
,HD,HD6
,HD,HD9
,HG,"HG1, HG2, HG3"
,HG,HG4
,HG,HG5
,HP,"HP1, HP2, HP3"
,HP,HP4
,HP,HP5
,HP,"HP6, HP7"
,HP,HP8
,HP,HP9
,HP,"HP10, HP11, HP12, HP13, HP14, HP15"
,HP,HP16
,HP,"HP17, HP18, HP19,
HP20, HP21, HP22"
,HP,"HP22,  HP27"
,HP,HP23
,HR,"HR1, HR2, HR3, HR4"
,HR,HR5
,HR,HR6
,HR,HR7
,HR,HR8
,HR,HR9
,HS,HS1
,HS,HS2
,HS,"HS3, HS5"
,HS,HS4
,HS,HS6
,HS,HS7
,HS,HS8
,HS,HS9
,HU,"HU1, HU2, HU3, HU4, HU5, HU6, HU7, HU8, HU9,
HU10, HU11, HU12"
,HU,HU13
,HU,HU14
,HU,HU15
,HU,"HU16,
HU20"
,HU,HU17
,HU,HU18
,HU,HU19
,HX,"HX1, HX2, HX3, HX4"
,HX,"HX1,  HX5"
,HX,HX6
,HX,HX7
,IG,"IG1, IG2, IG3, IG4, IG5, IG6"
,IG,"IG7, IG8 "
,IG,IG8
,IG,IG9
,IG,IG10
,IG,IG11
,IM,"IM1, IM2, IM3, IM4, IM5, IM6, IM7, IM8, IM9,
IM99"
,IP,"IP1, IP2, IP3, IP4, IP5, IP6, IP7, IP8, IP9,
IP10"
,IP,IP11
,IP,"IP12, IP13"
,IP,IP14
,IP,IP15
,IP,IP16
,IP,IP17
,IP,IP18
,IP,IP19
,IP,IP20
,IP,"IP21, IP22,
IP98"
,IP,"IP21, IP23"
,IP,"IP24, IP25, IP26"
,IP,IP27
,IP,"IP28, IP29,
IP30, IP31, IP32, IP33"
,IV,"IV1, IV2, IV3, IV5,
IV13,
IV63,
IV99"
,IV,IV4
,IV,IV6
,IV,"IV7,
IV15, IV16"
,IV,IV8
,IV,IV9
,IV,IV10
,IV,IV11
,IV,IV12
,IV,IV14
,IV,IV17
,IV,IV18
,IV,"IV19,
IV20"
,IV,IV21
,IV,IV22
,IV,IV23
,IV,IV24
,IV,IV25
,IV,IV26
,IV,IV27
,IV,IV28
,IV,IV30
,IV,IV31
,IV,IV32
,IV,IV36
,IV,IV40
,IV,"IV41, IV42, IV43, IV44, IV45, IV46, IV47, IV48, IV49,
IV55, IV56"
,IV,IV51
,IV,IV52
,IV,IV53
,IV,IV54
,JE,"JE1, JE2, JE3, JE4, JE5"
,KA,"KA1, KA2, KA3"
,KA,KA4
,KA,KA5
,KA,"KA6, KA7, KA8"
,KA,KA9
,KA,KA10
,KA,"KA11, KA12"
,KA,KA13
,KA,"KA14, KA15"
,KA,KA16
,KA,KA17
,KA,KA18
,KA,KA19
,KA,KA20
,KA,KA21
,KA,KA22
,KA,KA23
,KA,KA24
,KA,KA25
,KA,KA26
,KA,KA27
,KA,KA28
,KA,"KA29,
KA30"
,KT,"KT1, KT2"
,KT,KT3
,KT,KT4
,KT,"KT5, KT6"
,KT,KT7
,KT,KT8
,KT,KT8
,KT,KT9
,KT,KT10
,KT,KT11
,KT,KT12
,KT,KT13
,KT,KT14
,KT,KT15
,KT,KT16
,KT,"KT17, KT18, KT19"
,KT,KT20
,KT,KT21
,KT,"KT22, KT23, KT24"
,KW,KW1
,KW,"KW2, KW3"
,KW,KW5
,KW,KW6
,KW,KW7
,KW,KW8
,KW,KW9
,KW,KW10
,KW,KW11
,KW,KW12
,KW,KW13
,KW,KW14
,KW,KW15
,KW,KW16
,KW,KW17
,KY,"KY1, KY2"
,KY,KY3
,KY,KY4
,KY,KY4
,KY,KY5
,KY,"KY6, KY7"
,KY,"KY8, KY9"
,KY,KY10
,KY,"KY11, KY12,
KY99"
,KY,KY11
,KY,KY13
,KY,"KY14, KY15"
,KY,KY16
,L,"L1, L2, L3, L4, L5, L6, L7, L8, L9,
L10, L11, L12, L13, L14, L15, L16, L17, L18, L19,
L20, L21, L22, L23, L24, L25, L26, L27, L28, L29,
L31, L32, L33, L36, L37, L38,
L67, L68, L69, 
L70, L71, L72, L73, L74, L75"
,L,"L20,
L30,
L69, 
L80,[9]
GIR"
,L,"L34, L35"
,L,"L39,
L40"
,LA,"LA1, LA2"
,LA,"LA3, LA4"
,LA,"LA5, LA6"
,LA,LA7
,LA,"LA8, LA9"
,LA,LA10
,LA,LA11
,LA,LA12
,LA,"LA13, LA14"
,LA,"LA14,  LA15"
,LA,LA16
,LA,LA17
,LA,"LA18, LA19"
,LA,LA20
,LA,LA21
,LA,LA22
,LA,LA23
,LD,LD1
,LD,LD2
,LD,LD3
,LD,LD4
,LD,LD5
,LD,LD6
,LD,LD7
,LD,LD8
,LE,"LE1, LE2, LE3, LE4, LE5, LE6, LE7, LE8, LE9,
LE19,
LE21,
LE41,
LE55,
LE87,
LE94, LE95"
,LE,LE10
,LE,"LE11, LE12"
,LE,"LE13, LE14"
,LE,LE15
,LE,LE16
,LE,LE17
,LE,LE18
,LE,LE65
,LE,LE67
,LE,LE67
,LE,LE67
,LL,"LL11, LL12, LL13, LL14"
,LL,LL15
,LL,LL16
,LL,"LL17, LL18 "
,LL,LL18
,LL,LL19
,LL,LL20
,LL,LL21
,LL,LL22
,LL,LL23
,LL,LL24
,LL,LL25
,LL,LL26
,LL,LL27
,LL,"LL28, LL29"
,LL,LL30
,LL,"LL31, LL32"
,LL,LL31
,LL,LL33
,LL,LL34
,LL,LL35
,LL,LL36
,LL,LL37
,LL,LL38
,LL,LL39
,LL,LL40
,LL,LL41
,LL,LL42
,LL,LL43
,LL,LL44
,LL,LL45
,LL,LL46
,LL,LL47
,LL,LL48
,LL,LL49
,LL,LL51
,LL,LL52
,LL,LL53
,LL,"LL54, LL55"
,LL,LL56
,LL,LL57
,LL,LL58
,LL,LL59
,LL,LL60
,LL,LL61
,LL,LL62
,LL,LL63
,LL,"LL64,
LL77 "
,LL,LL65
,LL,LL66
,LL,LL67
,LL,LL68
,LL,LL69
,LL,LL70
,LL,LL71
,LL,LL72
,LL,LL73
,LL,LL74
,LL,LL75
,LL,LL76
,LL,LL77
,LL,LL78
,LN,"LN1, LN2, LN3, LN4, LN5, LN6"
,LN,"LN7, LN8"
,LN,LN9
,LN,LN10
,LN,LN11
,LN,LN12
,LN,LN13
,LS,"LS1, LS2, LS3, LS4, LS5, LS6, LS7, LS8, LS9,
LS10, LS11, LS12, LS13, LS14, LS15, LS16, LS17, LS18, LS19,
LS20, LS25, LS26, LS27,
LS88,
LS98, LS99"
,LS,LS21
,LS,"LS22, LS23"
,LS,LS24
,LS,LS28
,LS,LS29
,LU,"LU1, LU2, LU3, LU4"
,LU,"LU5, LU6"
,LU,LU7
,M,"M1, M2, M3, M4, M8, M9,
M11, M12, M13, M14, M15, M16, M17, M18, M19,
M20, M21, M22, M23, M24, M25, M26, M27, M28, M29,
M30, M31, M32, M34, M35, M38,
M40, M41, M43, M44, M45, M46,
M60,  M61,
M90, M99"
,M,"M3, M5, M6, M7,
M50,
M60 "
,M,M33
,ME,"ME1, ME2, ME3"
,ME,"ME4, ME5"
,ME,"ME6,
ME20"
,ME,ME6
,ME,"ME6,
ME19"
,ME,"ME7, ME8"
,ME,"ME9,
ME10"
,ME,ME11
,ME,ME12
,ME,ME13
,ME,"ME14, ME15, ME16, ME17, ME18,
ME99"
,MK,"MK1, MK2, MK3, MK4, MK5, MK6, MK7, MK8, MK9,
MK10, MK11, MK12, MK13, MK14, MK15, MK17, MK19,
MK77"
,MK,MK16
,MK,MK18
,MK,"MK40, MK41, MK42, MK43, MK44, MK45"
,MK,MK46
,ML,ML1
,ML,ML2
,ML,ML3
,ML,ML4
,ML,ML5
,ML,ML6
,ML,ML7
,ML,ML8
,ML,ML9
,ML,ML10
,ML,ML11
,ML,ML12
,N,"N1, N1C, N1P,
N2, N3, N4, N5, N6, N7, N8, N9,
N10, N11, N12, N13, N14, N15, N16, N17, N18, N19,
N20, N21, N22,
N81"
,NE,"NE1, NE2, NE3, NE4, NE5, NE6, NE7,
NE12, NE13, NE15, NE16, NE17, NE18, NE19,
NE20, NE27,
NE82, NE83, NE85, NE88,
NE98, NE99"
,NE,"NE8, NE9,
NE10, NE11,
NE92"
,NE,NE21
,NE,NE22
,NE,NE23
,NE,NE24
,NE,"NE25, NE26"
,NE,NE28
,NE,"NE29,
NE30"
,NE,NE31
,NE,NE32
,NE,"NE33, NE34"
,NE,NE35
,NE,NE36
,NE,"NE37, NE38"
,NE,NE39
,NE,NE40
,NE,NE41
,NE,NE42
,NE,NE43
,NE,NE44
,NE,NE45
,NE,"NE46, NE47, NE48"
,NE,NE49
,NE,"NE61, NE65"
,NE,NE62
,NE,NE63
,NE,NE64
,NE,NE66
,NE,"NE66,  NE69"
,NE,NE67
,NE,NE68
,NE,NE70
,NE,NE71
,NG,"NG1, NG2, NG3, NG4, NG5, NG6, NG7, NG8, NG9,
NG10, NG11, NG12, NG13, NG14, NG15, NG16, NG17,
NG80,
NG90"
,NG,NG17
,NG,"NG18, NG19,
NG20, NG21,
NG70"
,NG,"NG22, NG23, NG24"
,NG,NG25
,NG,"NG31, NG32, NG33"
,NG,NG34
,NN,"NN1, NN2, NN3, NN4, NN5, NN6, NN7"
,NN,"NN8, NN9,
NN29"
,NN,NN10
,NN,NN11
,NN,NN12
,NN,NN13
,NN,"NN14, NN15, NN16"
,NN,"NN17, NN18"
,NP,NP4
,NP,NP7
,NP,"NP7,[10] NP8"
,NP,"NP10, NP11, NP18, NP19,
NP20"
,NP,NP12
,NP,NP13
,NP,NP15
,NP,NP16
,NP,NP22
,NP,NP23
,NP,NP24
,NP,NP25
,NP,NP26
,NP,NP44
,NR,"NR1, NR2, NR3, NR4, NR5, NR6, NR7, NR8, NR9,
NR10, NR11, NR12, NR13, NR14, NR15, NR16, NR18,  NR19, 
NR26,  NR28, 
NR99"
,NR,NR17
,NR,NR18
,NR,"NR19,
NR20"
,NR,NR21
,NR,NR22
,NR,NR23
,NR,NR24
,NR,NR25
,NR,NR26
,NR,NR27
,NR,NR28
,NR,"NR29,
NR30, NR31"
,NR,"NR32, NR33"
,NR,NR34
,NR,NR35
,NW,"NW1, NW1W,[3]
NW2, NW3, NW4, NW5, NW6, NW7, NW8, NW9,
NW10, NW11,
NW26"
,OL,"OL1, OL2, OL3, OL4, OL8, OL9,
OL95"
,OL,"OL5, OL6, OL7"
,OL,OL10
,OL,"OL11, OL12, OL16"
,OL,OL13
,OL,OL14
,OL,"OL15, OL16 "
,OX,"OX1, OX2, OX3, OX4,
OX33,
OX44"
,OX,OX5
,OX,OX7
,OX,OX9
,OX,OX10
,OX,OX11
,OX,OX12
,OX,"OX13, OX14"
,OX,"OX15, OX16, OX17"
,OX,OX18
,OX,OX18
,OX,OX18
,OX,OX20
,OX,"OX25, OX26, OX27"
,OX,"OX28, OX29"
,OX,OX39
,OX,OX49
,PA,"PA1, PA2, PA3"
,PA,PA4
,PA,"PA5, PA6, PA9,
PA10"
,PA,PA7
,PA,PA8
,PA,PA11
,PA,PA12
,PA,PA13
,PA,PA14
,PA,"PA15, PA16"
,PA,PA17
,PA,PA18
,PA,PA19
,PA,PA20
,PA,PA21
,PA,PA22
,PA,PA23
,PA,"PA24, PA25, PA26, PA27"
,PA,PA28
,PA,PA29
,PA,"PA30, PA31"
,PA,PA32
,PA,PA33
,PA,"PA34, PA37,
PA80"
,PA,PA35
,PA,PA36
,PA,PA38
,PA,PA41
,PA,"PA42, PA43, PA44, PA45, PA46, PA47, PA48, PA49"
,PA,PA60
,PA,PA61
,PA,"PA62, PA63, PA64, PA65, PA66, PA67, PA68, PA69,
PA70, PA71, PA72, PA73, PA74, PA75"
,PA,PA76
,PA,PA77
,PA,PA78
,PE,"PE1, PE2, PE3, PE4, PE5, PE6, PE7, PE8,
PE99"
,PE,PE9
,PE,PE10
,PE,"PE11, PE12"
,PE,"PE13, PE14"
,PE,PE15
,PE,PE16
,PE,PE19
,PE,"PE20, PE21, PE22"
,PE,PE23
,PE,"PE24, PE25"
,PE,"PE26, PE28, PE29"
,PE,PE27
,PE,"PE30, PE31, PE32, PE33, PE34"
,PE,PE35
,PE,PE36
,PE,PE37
,PE,PE38
,PH,"PH1, PH2,
PH14"
,PH,"PH3, PH4"
,PH,"PH5, PH6, PH7"
,PH,PH8
,PH,"PH9,
PH16, PH17, PH18"
,PH,"PH10, PH11, PH12, PH13"
,PH,PH15
,PH,PH19
,PH,PH20
,PH,PH21
,PH,PH22
,PH,PH23
,PH,PH24
,PH,PH25
,PH,PH26
,PH,PH30
,PH,PH31
,PH,PH32
,PH,PH33
,PH,PH34
,PH,PH35
,PH,PH36
,PH,PH37
,PH,PH38
,PH,PH39
,PH,"PH40, PH41"
,PH,PH42
,PH,PH43
,PH,PH44
,PH,PH49
,PH,PH50
,PL,"PL1, PL2, PL3, PL4, PL5, PL6, PL7, PL8, PL9,
PL95"
,PL,"PL10, PL11"
,PL,PL12
,PL,PL13
,PL,PL14
,PL,PL15
,PL,PL16
,PL,PL17
,PL,PL18
,PL,PL18
,PL,PL19
,PL,PL20
,PL,PL21
,PL,PL22
,PL,PL23
,PL,PL24
,PL,"PL25, PL26"
,PL,PL27
,PL,PL28
,PL,PL29
,PL,"PL30, PL31"
,PL,PL32
,PL,PL33
,PL,PL34
,PL,PL35
,PO,"PO1, PO2, PO3, PO6"
,PO,"PO4, PO5"
,PO,"PO7, PO8"
,PO,PO9
,PO,PO9
,PO,PO10
,PO,PO11
,PO,"PO12, PO13shared"
,PO,"PO12,  PO13"
,PO,"PO14, PO15, PO16, PO17"
,PO,"PO18, PO19,
PO20"
,PO,"PO21, PO22"
,PO,PO30
,PO,"PO30, 
PO41"
,PO,PO31
,PO,PO32
,PO,PO33
,PO,PO34
,PO,PO35
,PO,PO36
,PO,"PO36,  PO37"
,PO,PO38
,PO,PO39
,PO,PO40
,PR,"PR0, PR1, PR2, PR3, PR4, PR5,
PR11"
,PR,"PR6, PR7"
,PR,"PR8, PR9"
,PR,"PR25, PR26"
,RG,"RG1, RG2, RG4, RG5, RG6, RG7, RG8,
RG10, RG19,
RG30, RG31"
,RG,RG9
,RG,"RG12,
RG42"
,RG,"RG14,
RG20"
,RG,RG17
,RG,"RG18, RG19"
,RG,"RG21, RG22, RG23, RG24, RG25, RG28"
,RG,RG26
,RG,"RG27, RG29"
,RG,RG28
,RG,"RG40, RG41"
,RG,RG45
,RH,RH1
,RH,RH2
,RH,"RH3, RH4[10]"
,RH,"RH4, RH5"
,RH,RH6
,RH,RH6
,RH,RH7
,RH,RH8
,RH,RH9
,RH,"RH10, RH11,
RH77"
,RH,"RH12, RH13"
,RH,RH14
,RH,RH15
,RH,"RH16, RH17"
,RH,RH18
,RH,RH19
,RH,RH20
,RM,"RM1, RM2, RM3, RM4, RM5, RM6, RM7"
,RM,"RM8, RM9,
RM10"
,RM,"RM11, RM12"
,RM,RM13
,RM,RM14
,RM,RM15
,RM,"RM16, RM17,
RM20"
,RM,RM18
,RM,RM19
,S,"S1, S2, S3, S4, S5, S6, S7, S8, S9,
S10, S11, S12, S13, S14, S17,
S20, S21, S25, S26,
S35, S36,
S95, S96, S97,  S98, S99"
,S,S18
,S,"S32, S33"
,S,"S40, S41, S42, S43, S44, S45, S49"
,S,"S60, S61, S62, S63, S65, S66,
S97 "
,S,S64
,S,"S70, S71, S72, S73, S74, S75"
,S,"S80, S81"
,SA,"SA1, SA2, SA3, SA4, SA5, SA6, SA7, SA8, SA9,
SA80,
SA99"
,SA,"SA10, SA11"
,SA,"SA12, SA13"
,SA,"SA14, SA15"
,SA,SA16
,SA,SA17
,SA,SA17
,SA,SA18
,SA,SA19
,SA,SA19
,SA,SA19
,SA,SA20
,SA,"SA31, SA32, SA33"
,SA,SA34
,SA,SA35
,SA,SA36
,SA,SA37
,SA,SA38
,SA,SA39
,SA,SA40
,SA,SA41
,SA,SA42
,SA,SA43
,SA,SA44
,SA,SA45
,SA,"SA46, SA48"
,SA,SA47
,SA,SA48
,SA,"SA61, SA62"
,SA,SA63
,SA,SA64
,SA,SA65
,SA,SA66
,SA,SA67
,SA,SA68
,SA,SA69
,SA,SA70
,SA,"SA71, SA72 "
,SA,SA72
,SA,SA73
,SE,"SE1, SE1P,
SE2, SE3, SE4, SE5, SE6, SE7, SE8, SE9,
SE10, SE11, SE12, SE13, SE14, SE15, SE16, SE17, SE18, SE19,
SE20, SE21, SE22, SE23, SE24, SE25, SE26, SE27, SE28"
,SG,"SG1, SG2"
,SG,SG3
,SG,"SG4, SG5, SG6 "
,SG,SG6
,SG,SG7
,SG,SG8
,SG,SG9
,SG,SG10
,SG,"SG11, SG12"
,SG,"SG13, SG14"
,SG,SG15
,SG,SG16
,SG,SG17
,SG,SG18
,SG,SG19
,SK,"SK1, SK2, SK3, SK4, SK5, SK6, SK7,
SK12"
,SK,SK8
,SK,SK9
,SK,SK9
,SK,"SK10, SK11"
,SK,SK13
,SK,SK14
,SK,SK15
,SK,SK16
,SK,SK17
,SK,"SK22, SK23"
,SL,SL0
,SL,"SL1, SL2, SL3,
SL95"
,SL,SL4
,SL,SL5
,SL,"SL6,
SL60"
,SL,SL7
,SL,SL8
,SL,SL9
,SM,"SM1, SM2, SM3"
,SM,SM4
,SM,SM5
,SM,SM6
,SM,SM7
,SN,"SN1, SN2, SN3, SN4, SN5, SN6,
SN25, SN26,
SN38,
SN99"
,SN,SN7
,SN,SN8
,SN,SN9
,SN,SN10
,SN,SN11
,SN,SN12
,SN,"SN13, SN15 "
,SN,"SN14, SN15"
,SN,SN16
,SO,"SO14, SO15, SO16, SO17, SO18, SO19,
SO30, SO31, SO32,
SO40, SO45,
SO52,
SO97"
,SO,SO20
,SO,"SO21, SO22, SO23"
,SO,SO24
,SO,"SO40, SO43"
,SO,SO41
,SO,SO42
,SO,"SO50, SO53"
,SO,SO51
,SP,"SP1, SP2, SP3, SP4, SP5"
,SP,SP6
,SP,SP7
,SP,SP8
,SP,SP9
,SP,"SP10, SP11"
,SR,"SR1, SR2, SR3, SR4, SR5, SR6, SR9"
,SR,SR7
,SR,SR8
,SS,"SS0, SS1"
,SS,"SS1, SS2, SS3,
SS22,
SS99"
,SS,SS4
,SS,SS5
,SS,SS6
,SS,SS7
,SS,SS8
,SS,SS9
,SS,"SS11, SS12"
,SS,"SS13, SS14, SS15, SS16"
,SS,SS17
,ST,"ST1, ST2, ST3, ST4, ST6, ST7, ST8, ST9,
ST10, ST11, ST12"
,ST,"ST5,
ST55"
,ST,ST13
,ST,ST14
,ST,ST15
,ST,"ST16, ST17, ST18, ST19,
ST20, ST21"
,SW,"SW1A, SW1E, SW1H, SW1P, SW1V, SW1W, SW1X, SW1Y,
SW2, SW3, SW4, SW5, SW6, SW7, SW8, SW9,
SW10, SW11, SW12, SW13, SW14, SW15, SW16, SW17, SW18, SW19,
SW20,
SW95"
,SY,"SY1, SY2, SY3, SY4, SY5,
SY99"
,SY,SY6
,SY,SY7
,SY,SY7
,SY,SY7
,SY,SY8
,SY,SY9
,SY,"SY10, SY11"
,SY,SY12
,SY,SY13
,SY,SY14
,SY,SY15
,SY,SY16
,SY,SY17
,SY,SY17
,SY,SY18
,SY,SY19
,SY,SY20
,SY,SY21
,SY,SY22
,SY,SY22
,SY,SY22
,SY,SY22
,SY,SY22
,SY,SY23
,SY,SY23
,SY,SY23
,SY,SY24
,SY,SY24
,SY,SY24
,SY,SY25
,SY,SY25
,TA,"TA1, TA2, TA3, TA4"
,TA,"TA5, TA6, TA7"
,TA,TA8
,TA,TA9
,TA,TA10
,TA,TA11
,TA,TA12
,TA,TA13
,TA,TA14
,TA,TA15
,TA,TA16
,TA,TA17
,TA,TA18
,TA,TA19
,TA,TA20
,TA,TA21
,TA,TA22
,TA,TA23
,TA,TA24
,TD,TD1
,TD,TD2
,TD,TD3
,TD,TD4
,TD,TD5
,TD,TD6
,TD,TD7
,TD,TD8
,TD,TD9
,TD,TD9
,TD,"TD10, TD11"
,TD,TD12
,TD,TD12
,TD,TD12
,TD,TD13
,TD,TD14
,TD,TD15
,TF,"TF1, TF2, TF3, TF4, TF5, TF6, TF7, TF8"
,TF,TF9
,TF,TF10
,TF,TF11
,TF,TF12
,TF,TF13
,TN,"TN1, TN2, TN3, TN4"
,TN,"TN2,  TN5"
,TN,TN6
,TN,TN7
,TN,TN8
,TN,"TN9,
TN10, TN11, TN12"
,TN,"TN13, TN14, TN15"
,TN,TN16
,TN,"TN17, TN18"
,TN,TN19
,TN,TN20
,TN,TN21
,TN,TN22
,TN,"TN23, TN24, TN25, TN26, TN27"
,TN,TN28
,TN,TN29
,TN,TN30
,TN,TN31
,TN,TN32
,TN,TN33
,TN,"TN34, TN35"
,TN,TN36
,TN,"TN37, TN38"
,TN,"TN39,
TN40"
,TQ,"TQ1, TQ2"
,TQ,"TQ3, TQ4"
,TQ,TQ5
,TQ,TQ6
,TQ,TQ7
,TQ,TQ8
,TQ,TQ9
,TQ,"TQ9,  TQ10"
,TQ,TQ11
,TQ,"TQ12, TQ13"
,TQ,TQ14
,TR,"TR1, TR2, TR3, TR4"
,TR,TR5
,TR,TR6
,TR,"TR7, TR8"
,TR,TR9
,TR,TR10
,TR,TR11
,TR,"TR12, TR13"
,TR,TR14
,TR,"TR15, TR16"
,TR,TR17
,TR,"TR18, TR19,
TR20"
,TR,"TR21, TR22, TR23, TR24, TR25"
,TR,TR26
,TR,TR27
,TS,"TS1, TS2, TS3, TS4, TS5, TS6, TS7, TS8, TS9"
,TS,"TS10, TS11"
,TS,"TS12, TS13"
,TS,TS14
,TS,TS15
,TS,"TS16, TS17, TS18, TS19,
TS20, TS21"
,TS,"TS22, TS23"
,TS,"TS24, TS25, TS26, TS27"
,TS,TS28
,TS,TS29
,TW,"TW1, TW2"
,TW,"TW3, TW4, TW5, TW6"
,TW,TW7
,TW,TW8
,TW,"TW9,
TW10"
,TW,TW11
,TW,TW12
,TW,"TW13, TW14"
,TW,TW15
,TW,TW16
,TW,TW17
,TW,"TW18, TW19"
,TW,TW20
,UB,"UB1, UB2, UB3 "
,UB,"UB3, UB4"
,UB,UB5
,UB,"UB5,  UB6,
UB18"
,UB,"UB7, UB8 "
,UB,"UB8, UB9,
UB10, UB11"
,W,"W1A, W1B, W1C, W1D, W1F, W1G, W1H, W1J, W1K, W1S, W1T, W1U, W1W,
W2, W3, W4, W5, W6, W7, W8, W9,
W10, W11, W12, W13, W14"
,WA,"WA1, WA2, WA3, WA4, WA5,
WA55"
,WA,WA6
,WA,WA7
,WA,"WA8,
WA88"
,WA,"WA9,
WA10, WA11"
,WA,WA12
,WA,WA13
,WA,"WA14, WA15"
,WA,WA16
,WC,"WC1A, WC1B, WC1E, WC1H, WC1N, WC1R, WC1V, WC1X,
WC2A, WC2B, WC2E, WC2H, WC2N, WC2R"
,WD,WD3
,WD,"WD4, WD18 "
,WD,WD5
,WD,WD6
,WD,WD7
,WD,"WD17, WD18, WD19,
WD24, WD25,
WD99"
,WD,WD23
,WF,"WF1, WF2, WF3, WF4,
WF90"
,WF,WF5
,WF,"WF6,
WF10"
,WF,"WF7, WF8, WF9"
,WF,WF10
,WF,WF11
,WF,"WF12, WF13"
,WF,WF14
,WF,"WF15, WF16 "
,WF,WF16
,WF,WF17
,WN,"WN1, WN2, WN3, WN4, WN5, WN6, WN8"
,WN,WN7
,WN,WN8
,WR,"WR1, WR2, WR3, WR4, WR5, WR6, WR7, WR8,
WR78,
WR99"
,WR,WR9
,WR,WR10
,WR,WR11
,WR,"WR11,  WR12"
,WR,"WR13, WR14"
,WR,WR15
,WS,"WS1, WS2, WS3, WS4, WS5, WS6, WS8, WS9"
,WS,WS7
,WS,WS10
,WS,"WS11, WS12"
,WS,"WS13, WS14"
,WS,WS15
,WV,"WV1, WV2, WV3, WV4, WV5, WV6, WV7, WV8, WV9,
WV10, WV11, WV98"
,WV,"WV1, 
WV12, WV13"
,WV,WV14
,WV,"WV15, WV16"
,YO,"YO1,
YO10, YO19,
YO23, YO24, YO26,
YO30, YO31, YO32,
YO41, YO42, YO43,
YO51,
YO60, YO61, YO62,
YO90, YO91"
,YO,YO7
,YO,YO8
,YO,"YO11, YO12, YO13"
,YO,YO14
,YO,"YO15, YO16"
,YO,YO17
,YO,YO18
,YO,"YO21, YO22"
,YO,YO25
,ZE,"ZE1, ZE2, ZE3"
